<DataSource name="DsLuReplenishmentCustomer" businessObjectClass="LuReplenishmentCustomer" external="true" readOnly="true" editableEntity="BpaOrderRole" schemaVersion="2.0">
  <Database platform="SQLite">
    <Load><![CDATA[     

			var sqlParams = {};

			var sqlStmt = "SELECT BpaOrderRole.PKey AS pKey, BpaOrderRole.CustomerPKey AS customerPKey ";
			sqlStmt += "FROM BpaOrderRole ";
			sqlStmt += "INNER JOIN UsrUser ON ";
			sqlStmt += "BpaOrderRole.CustomerPKey = UsrUser.BpaCustomerPKey ";
			sqlStmt += "INNER JOIN SdoMetaOrdererType ON ";
			sqlStmt += "SdoMetaOrdererType.OrdererType = BpaOrderRole.OrdererType ";
			sqlStmt += "WHERE (1=1) AND UsrUser.PKey = '#UserPKey#' ";

			return Utils.replaceMacrosParam(sqlStmt, sqlParams);
		]]></Load>
    <Update><![CDATA[ 
			// Intended to be empty     
			return undefined;
		]]></Update>
    <Insert><![CDATA[     
			// Intended to be empty     
			return undefined;
		]]></Insert>
    <Delete><![CDATA[      
			// Intended to be empty     
			return undefined;
		]]></Delete>
  </Database>
</DataSource>