<ListObject name="LoCashOverviewContextMenu" generateLoadMethod="false" schemaVersion="1.1">
  <DataSource name="DsLoCashOverviewContextMenu" />
  <Item objectClass="LiCashOverviewContextMenu" />
  <Methods>
    <Method name="beforeSaveAsync" />
    <Method name="afterSaveAsync" />
    <Method name="afterLoadAsync" />
    <Method name="beforeLoadAsync" />
    <Method name="afterDoValidateAsync" />
    <Method name="beforeDoValidateAsync" />
    <Method name="loadAsync" />
    <Method name="saveAsync" />
  </Methods>
</ListObject>