<Datasource name="DsBoWizardCreateNewCashDocument" objectClass="BoWizardCreateNewCashDocument" schemaVersion="2.0">
  <Database platform="SQLite">
    <Load><![CDATA[
      // Intended to be empty - Wizard validation BO!
      return undefined;
   ]]></Load>
    <Update><![CDATA[
      // Intended to be empty - Wizard validation BO!
      return undefined;
   ]]></Update>
    <Insert><![CDATA[
      // Intended to be empty - Wizard validation BO!
      return undefined;
   ]]></Insert>
    <Delete><![CDATA[
      // Intended to be empty - Wizard validation BO!
      return undefined;
   ]]></Delete>
  </Database>
</Datasource>