<Process name="Replenishment::DeleteWizardProcess" defaultAction="DeletionAllowed_Decision" schemaVersion="0.0.0.5">
  <Entry>
    <ProcessContext>
      <Declarations>
        <Declaration name="OrderBo" type="BoOrder" />
        <Declaration name="ResponsibleEqualsLoggedInUser" type="String" />
      </Declarations>
      <Parameters>
        <Input name="MainPKey" type="DomPKey" />
      </Parameters>
    </ProcessContext>
    <EntryActions>
      <Action name="LoadBo" actionType="LOAD" type="BoOrder">
        <Parameters>
          <Input name="pKey" value="ProcessContext::MainPKey" />
          <Input name="deletion" type="Literal" value="1" />
        </Parameters>
        <Return name="ProcessContext::OrderBo" />
      </Action>
    </EntryActions>
  </Entry>
  <Body>
    <Actions>
      <Action name="DeletionAllowed_Decision" actionType="DECISION" parameter="ProcessContext::OrderBo.boOrderMeta.deletionAllowed">
        <Case value="1" action="Phase_Decision" />
        <Case value="0" action="NotAllowed_DeletionNotAllowed" />
        <CaseElse action="NotAllowed_DeletionNotAllowed" />
      </Action>
      <Action name="Phase_Decision" actionType="DECISION" parameter="ProcessContext::OrderBo.phase">
        <Case value="Initial" action="MobilityRelevant_Decision" />
        <CaseElse action="NotAllowed_Phase" />
      </Action>
      <Action name="MobilityRelevant_Decision" actionType="DECISION" parameter="ProcessContext::OrderBo.boOrderMeta.mobilityRelevant">
        <Case value="1" action="CheckResponsible" />
        <Case value="0" action="NotAllowed_MobilityRelevant" />
        <CaseElse action="NotAllowed_MobilityRelevant" />
      </Action>
      <Action name="CheckResponsible" actionType="LOGIC" call="ProcessContext::OrderBo.checkResponsibleEqUser">
        <Parameters>
          <Input name="usrMainPKey" value="ApplicationContext::User.pKey" />
        </Parameters>
        <Return name="ProcessContext::ResponsibleEqualsLoggedInUser" />
        <TransitionTo action="Responsible_Decision" />
      </Action>
      <Action name="Responsible_Decision" actionType="DECISION" parameter="ProcessContext::ResponsibleEqualsLoggedInUser">
        <Case value="1" action="ConfirmCancelDelete" />
        <Case value="0" action="NotAllowed_Responsible" />
        <CaseElse action="NotAllowed_Responsible" />
      </Action>
      <Action actionType="CONFIRM" confirmType="Ok" name="NotAllowed_DeletionNotAllowed">
        <Message messageId="DeleteNotAllowedMsg" />
        <Cases>
          <Case value="Ok" action="end" />
        </Cases>
      </Action>
      <Action actionType="CONFIRM" confirmType="Ok" name="NotAllowed_Phase">
        <Message messageId="DeleteNotInitialNotAllowedMsg" />
        <Cases>
          <Case value="Ok" action="end" />
        </Cases>
      </Action>
      <Action actionType="CONFIRM" confirmType="Ok" name="NotAllowed_MobilityRelevant">
        <Message messageId="DeleteNotMobilityRelevantNotAllowedMsg" />
        <Cases>
          <Case value="Ok" action="end" />
        </Cases>
      </Action>
      <Action actionType="CONFIRM" confirmType="Ok" name="NotAllowed_Responsible">
        <Message messageId="DeleteNotResponsibleNotAllowedMsg" />
        <Cases>
          <Case value="Ok" action="end" />
        </Cases>
      </Action>
      <Action actionType="CONFIRM" confirmType="YesNoCancel" name="ConfirmCancelDelete">
        <Message messageId="CasConfirmOrderDeletionMsg"></Message>
        <Cases>
          <Case value="Yes" action="deleteOrder" />
          <Case value="No" action="end" />
        </Cases>
      </Action>
      <Action name="deleteOrder" actionType="LOGIC" call="ProcessContext::OrderBo.deleteOrder">
        <TransitionTo action="end" />
      </Action>
      <Action actionType="END" name="end"></Action>
    </Actions>
  </Body>
</Process>