<UIDescription name="Replenishment::CancelWizardUI" schemaVersion="0.0.0.5" xmlns="UISchema.xsd" layoutType="blank">
  <Page pagePattern="SingleSectionPage">
    <PageHeader>
      <Bindings>
        <Resource target="title" type="Label" id="DocumentCancelTitleId" defaultLabel="Cancel Document" />
      </Bindings>
    </PageHeader>
    <Section sectionName="masterSection" sectionPattern="SingleAreaSection">
      <Area areaName="mainArea" areaPattern="SingleElementArea">
        <GroupedList name="OrderMetaList" dataSource="ProcessContext::CancelReasons.Items[]">
          <Items name="Items" itemPattern="ReplenishmentReasonItem">
            <ItemListLayout>
              <Col layoutType="itemTitle" bindingId="Text" />
            </ItemListLayout>
            <Bindings>
              <Binding target="Text" type="Text" binding=".reasonCode.text" bindingMode="ONE_TIME" />
            </Bindings>
          </Items>
          <Events>
            <ItemSelectedEvent event="itemSelected">
              <Params>
                <Param name="reasonCode" value=".reasonCode" />
              </Params>
            </ItemSelectedEvent>
          </Events>
        </GroupedList>
      </Area>
    </Section>
  </Page>
</UIDescription>