<ListObject name="LoReplenishmentMeta" generateLoadMethod="true" schemaVersion="1.1">
  <DataSource name="DsLoReplenishmentMeta" />
  <Item objectClass="LiReplenishmentMeta" />
  <Methods>
    <Method name="beforeSaveAsync" />
    <Method name="afterSaveAsync" />
    <Method name="afterLoadAsync" />
    <Method name="beforeLoadAsync" />
    <Method name="afterDoValidateAsync" />
    <Method name="beforeDoValidateAsync" />
    <Method name="loadAsync" />
    <Method name="saveAsync" />
    <Method name="getFirstEntry" />
  </Methods>
</ListObject>